/*
SQLyog Community v12.09 (64 bit)
MySQL - 10.1.13-MariaDB : Database - greendb
*********************************************************************
*/

/*!40101 SET NAMES utf8 */;

/*!40101 SET SQL_MODE=''*/;

/*!40014 SET @OLD_UNIQUE_CHECKS=@@UNIQUE_CHECKS, UNIQUE_CHECKS=0 */;
/*!40014 SET @OLD_FOREIGN_KEY_CHECKS=@@FOREIGN_KEY_CHECKS, FOREIGN_KEY_CHECKS=0 */;
/*!40101 SET @OLD_SQL_MODE=@@SQL_MODE, SQL_MODE='NO_AUTO_VALUE_ON_ZERO' */;
/*!40111 SET @OLD_SQL_NOTES=@@SQL_NOTES, SQL_NOTES=0 */;
CREATE DATABASE /*!32312 IF NOT EXISTS*/`greendb` /*!40100 DEFAULT CHARACTER SET utf8 */;

USE `greendb`;

/*Table structure for table `admin` */

DROP TABLE IF EXISTS `admin`;

CREATE TABLE `admin` (
  `adminid` varchar(20) NOT NULL,
  `adminpw` varchar(20) NOT NULL,
  `adminnm` varchar(20) NOT NULL,
  PRIMARY KEY (`adminid`)
) ENGINE=InnoDB DEFAULT CHARSET=utf8;

/*Data for the table `admin` */

insert  into `admin`(`adminid`,`adminpw`,`adminnm`) values ('admin','1111','초록원');

/*Table structure for table `notice` */

DROP TABLE IF EXISTS `notice`;

CREATE TABLE `notice` (
  `notice_id` int(11) NOT NULL AUTO_INCREMENT,
  `notice_title` varchar(70) NOT NULL,
  `notice_content` text NOT NULL,
  `notice_wdate` datetime NOT NULL,
  PRIMARY KEY (`notice_id`)
) ENGINE=InnoDB AUTO_INCREMENT=30 DEFAULT CHARSET=utf8;

/*Data for the table `notice` */

insert  into `notice`(`notice_id`,`notice_title`,`notice_content`,`notice_wdate`) values (1,'성수기 요금 안내','WEEKDAY : 비수기 주중\nHOT FRIDAY : 비수기 금요일\nENJOY SATURDAY : 비수기 토요일\nHIGH SEASON : [여름성수기] 성수기 2단계(Gold Season)를 제외한 여름 성수기\n                        \nGOLD SEASON : [여름성수기] 여름 성수기 주말 및 연휴, 8월 첫째주 주중\n                        \n                        [연휴] 비수기 3일이상 연휴\n회원초청 요금이란? : 기명회원의 초청으로 지인이 초록원  객실 이용 시 적용되는 특별 우대요금\n\n','2018-06-05 11:34:12'),(2,'주변 관광지 변경 안내','WEEKDAY : 비수기 주중\nHOT FRIDAY : 비수기 금요일\nENJOY SATURDAY : 비수기 토요일\nHIGH SEASON : [여름성수기] 성수기 2단계(Gold Season)를 제외한 여름 성수기\n                        [겨울성수기] 비발디파크 성수기 주중\nGOLD SEASON : [여름성수기] 여름 성수기 주말 및 연휴, 8월 첫째주 주중\n                        [겨울성수기] 겨울 성수기 주말 및 연휴\n                        [연휴] 비수기 3일이상 연휴\n회원초청 요금이란? : 기명회원의 초청으로 지인이 리조트 객실 이용 시 적용되는 특별 우대요금\n비발디 스키시즌/오션시즌은 성수기 요금 적용\n파크 뷰 객실요금 별도적용 (VAT포함) : [주말/연휴/성수기/스키시즌]  22,000원','2018-06-05 11:47:28'),(3,'애완동물 출입 금지','WEEKDAY : 비수기 주중\nHOT FRIDAY : 비수기 금요일\nENJOY SATURDAY : 비수기 토요일\nHIGH SEASON : [여름성수기] 성수기 2단계(Gold Season)를 제외한 여름 성수기\n                        [겨울성수기] 비발디파크 성수기 주중\nGOLD SEASON : [여름성수기] 여름 성수기 주말 및 연휴, 8월 첫째주 주중\n                        [겨울성수기] 겨울 성수기 주말 및 연휴\n                        [연휴] 비수기 3일이상 연휴\n회원초청 요금이란? : 기명회원의 초청으로 지인이 리조트 객실 이용 시 적용되는 특별 우대요금\n비발디 스키시즌/오션시즌은 성수기 요금 적용\n파크 뷰 객실요금 별도적용 (VAT포함) : [주말/연휴/성수기/스키시즌]  22,000원','2018-06-03 11:47:31'),(4,'공사구간 안내','WEEKDAY : 비수기 주중\nHOT FRIDAY : 비수기 금요일\nENJOY SATURDAY : 비수기 토요일\nHIGH SEASON : [여름성수기] 성수기 2단계(Gold Season)를 제외한 여름 성수기\n                        [겨울성수기] 비발디파크 성수기 주중\nGOLD SEASON : [여름성수기] 여름 성수기 주말 및 연휴, 8월 첫째주 주중\n                        [겨울성수기] 겨울 성수기 주말 및 연휴\n                        [연휴] 비수기 3일이상 연휴\n회원초청 요금이란? : 기명회원의 초청으로 지인이 리조트 객실 이용 시 적용되는 특별 우대요금\n비발디 스키시즌/오션시즌은 성수기 요금 적용\n파크 뷰 객실요금 별도적용 (VAT포함) : [주말/연휴/성수기/스키시즌]  22,000원','2018-06-02 11:47:38'),(5,'숙직실 리뉴얼 안내','WEEKDAY : 비수기 주중\nHOT FRIDAY : 비수기 금요일\nENJOY SATURDAY : 비수기 토요일\nHIGH SEASON : [여름성수기] 성수기 2단계(Gold Season)를 제외한 여름 성수기\n                        [겨울성수기] 비발디파크 성수기 주중\nGOLD SEASON : [여름성수기] 여름 성수기 주말 및 연휴, 8월 첫째주 주중\n                        [겨울성수기] 겨울 성수기 주말 및 연휴\n                        [연휴] 비수기 3일이상 연휴\n회원초청 요금이란? : 기명회원의 초청으로 지인이 리조트 객실 이용 시 적용되는 특별 우대요금\n비발디 스키시즌/오션시즌은 성수기 요금 적용\n파크 뷰 객실요금 별도적용 (VAT포함) : [주말/연휴/성수기/스키시즌]  22,000원','2018-06-20 11:47:42'),(6,'성수기 요금 안내','WEEKDAY : 비수기 주중\nHOT FRIDAY : 비수기 금요일\nENJOY SATURDAY : 비수기 토요일\nHIGH SEASON : [여름성수기] 성수기 2단계(Gold Season)를 제외한 여름 성수기\n                        [겨울성수기] 비발디파크 성수기 주중\nGOLD SEASON : [여름성수기] 여름 성수기 주말 및 연휴, 8월 첫째주 주중\n                        [겨울성수기] 겨울 성수기 주말 및 연휴\n                        [연휴] 비수기 3일이상 연휴\n회원초청 요금이란? : 기명회원의 초청으로 지인이 리조트 객실 이용 시 적용되는 특별 우대요금\n비발디 스키시즌/오션시즌은 성수기 요금 적용\n파크 뷰 객실요금 별도적용 (VAT포함) : [주말/연휴/성수기/스키시즌]  22,000원','2018-06-03 11:50:38'),(7,'성수기 요금 안내13','WEEKDAY : 비수기 주중\nHOT FRIDAY : 비수기 금요일\nENJOY SATURDAY : 비수기 토요일\nHIGH SEASON : [여름성수기] 성수기 2단계(Gold Season)를 제외한 여름 성수기\n                        [겨울성수기] 비발디파크 성수기 주중\nGOLD SEASON : [여름성수기] 여름 성수기 주말 및 연휴, 8월 첫째주 주중\n                        [겨울성수기] 겨울 성수기 주말 및 연휴\n                        [연휴] 비수기 3일이상 연휴\n회원초청 요금이란? : 기명회원의 초청으로 지인이 리조트 객실 이용 시 적용되는 특별 우대요금\n비발디 스키시즌/오션시즌은 성수기 요금 적용\n파크 뷰 객실요금 별도적용 (VAT포함) : [주말/연휴/성수기/스키시즌]  22,000원','2018-06-16 11:50:41'),(8,'성수기 요금 안내','WEEKDAY : 비수기 주중\nHOT FRIDAY : 비수기 금요일\nENJOY SATURDAY : 비수기 토요일\nHIGH SEASON : [여름성수기] 성수기 2단계(Gold Season)를 제외한 여름 성수기\n                        [겨울성수기] 비발디파크 성수기 주중\nGOLD SEASON : [여름성수기] 여름 성수기 주말 및 연휴, 8월 첫째주 주중\n                        [겨울성수기] 겨울 성수기 주말 및 연휴\n                        [연휴] 비수기 3일이상 연휴\n회원초청 요금이란? : 기명회원의 초청으로 지인이 리조트 객실 이용 시 적용되는 특별 우대요금\n비발디 스키시즌/오션시즌은 성수기 요금 적용\n파크 뷰 객실요금 별도적용 (VAT포함) : [주말/연휴/성수기/스키시즌]  22,000원','2018-06-20 12:00:00'),(9,'성수기 요금 안내','WEEKDAY : 비수기 주중\nHOT FRIDAY : 비수기 금요일\nENJOY SATURDAY : 비수기 토요일\nHIGH SEASON : [여름성수기] 성수기 2단계(Gold Season)를 제외한 여름 성수기\n                        [겨울성수기] 비발디파크 성수기 주중\nGOLD SEASON : [여름성수기] 여름 성수기 주말 및 연휴, 8월 첫째주 주중\n                        [겨울성수기] 겨울 성수기 주말 및 연휴\n                        [연휴] 비수기 3일이상 연휴\n회원초청 요금이란? : 기명회원의 초청으로 지인이 리조트 객실 이용 시 적용되는 특별 우대요금\n비발디 스키시즌/오션시즌은 성수기 요금 적용\n파크 뷰 객실요금 별도적용 (VAT포함) : [주말/연휴/성수기/스키시즌]  22,000원','2018-06-20 12:00:00'),(10,'성수기 요금 안내','WEEKDAY : 비수기 주중\nHOT FRIDAY : 비수기 금요일\nENJOY SATURDAY : 비수기 토요일\nHIGH SEASON : [여름성수기] 성수기 2단계(Gold Season)를 제외한 여름 성수기\n                        [겨울성수기] 비발디파크 성수기 주중\nGOLD SEASON : [여름성수기] 여름 성수기 주말 및 연휴, 8월 첫째주 주중\n                        [겨울성수기] 겨울 성수기 주말 및 연휴\n                        [연휴] 비수기 3일이상 연휴\n회원초청 요금이란? : 기명회원의 초청으로 지인이 리조트 객실 이용 시 적용되는 특별 우대요금\n비발디 스키시즌/오션시즌은 성수기 요금 적용\n파크 뷰 객실요금 별도적용 (VAT포함) : [주말/연휴/성수기/스키시즌]  22,000원','2018-06-20 12:00:00'),(11,'성수기 요금 안내','WEEKDAY : 비수기 주중\nHOT FRIDAY : 비수기 금요일\nENJOY SATURDAY : 비수기 토요일\nHIGH SEASON : [여름성수기] 성수기 2단계(Gold Season)를 제외한 여름 성수기\n                        [겨울성수기] 비발디파크 성수기 주중\nGOLD SEASON : [여름성수기] 여름 성수기 주말 및 연휴, 8월 첫째주 주중\n                        [겨울성수기] 겨울 성수기 주말 및 연휴\n                        [연휴] 비수기 3일이상 연휴\n회원초청 요금이란? : 기명회원의 초청으로 지인이 리조트 객실 이용 시 적용되는 특별 우대요금\n비발디 스키시즌/오션시즌은 성수기 요금 적용\n파크 뷰 객실요금 별도적용 (VAT포함) : [주말/연휴/성수기/스키시즌]  22,000원','2018-06-20 12:00:00'),(12,'성수기 요금 안내','WEEKDAY : 비수기 주중\nHOT FRIDAY : 비수기 금요일\nENJOY SATURDAY : 비수기 토요일\nHIGH SEASON : [여름성수기] 성수기 2단계(Gold Season)를 제외한 여름 성수기\n                        [겨울성수기] 비발디파크 성수기 주중\nGOLD SEASON : [여름성수기] 여름 성수기 주말 및 연휴, 8월 첫째주 주중\n                        [겨울성수기] 겨울 성수기 주말 및 연휴\n                        [연휴] 비수기 3일이상 연휴\n회원초청 요금이란? : 기명회원의 초청으로 지인이 리조트 객실 이용 시 적용되는 특별 우대요금\n비발디 스키시즌/오션시즌은 성수기 요금 적용\n파크 뷰 객실요금 별도적용 (VAT포함) : [주말/연휴/성수기/스키시즌]  22,000원','2018-06-20 12:00:00'),(13,'성수기 요금 안내13','WEEKDAY : 비수기 주중\nHOT FRIDAY : 비수기 금요일\nENJOY SATURDAY : 비수기 토요일\nHIGH SEASON : [여름성수기] 성수기 2단계(Gold Season)를 제외한 여름 성수기\n                        [겨울성수기] 비발디파크 성수기 주중\nGOLD SEASON : [여름성수기] 여름 성수기 주말 및 연휴, 8월 첫째주 주중\n                        [겨울성수기] 겨울 성수기 주말 및 연휴\n                        [연휴] 비수기 3일이상 연휴\n회원초청 요금이란? : 기명회원의 초청으로 지인이 리조트 객실 이용 시 적용되는 특별 우대요금\n비발디 스키시즌/오션시즌은 성수기 요금 적용\n파크 뷰 객실요금 별도적용 (VAT포함) : [주말/연휴/성수기/스키시즌]  22,000원','2018-06-20 12:00:00'),(14,'성수기 요금 안내','WEEKDAY : 비수기 주중\nHOT FRIDAY : 비수기 금요일\nENJOY SATURDAY : 비수기 토요일\nHIGH SEASON : [여름성수기] 성수기 2단계(Gold Season)를 제외한 여름 성수기\n                        [겨울성수기] 비발디파크 성수기 주중\nGOLD SEASON : [여름성수기] 여름 성수기 주말 및 연휴, 8월 첫째주 주중\n                        [겨울성수기] 겨울 성수기 주말 및 연휴\n                        [연휴] 비수기 3일이상 연휴\n회원초청 요금이란? : 기명회원의 초청으로 지인이 리조트 객실 이용 시 적용되는 특별 우대요금\n비발디 스키시즌/오션시즌은 성수기 요금 적용\n파크 뷰 객실요금 별도적용 (VAT포함) : [주말/연휴/성수기/스키시즌]  22,000원','2018-06-20 12:00:00'),(15,'성수기 요금 안내','WEEKDAY : 비수기 주중\nHOT FRIDAY : 비수기 금요일\nENJOY SATURDAY : 비수기 토요일\nHIGH SEASON : [여름성수기] 성수기 2단계(Gold Season)를 제외한 여름 성수기\n                        [겨울성수기] 비발디파크 성수기 주중\nGOLD SEASON : [여름성수기] 여름 성수기 주말 및 연휴, 8월 첫째주 주중\n                        [겨울성수기] 겨울 성수기 주말 및 연휴\n                        [연휴] 비수기 3일이상 연휴\n회원초청 요금이란? : 기명회원의 초청으로 지인이 리조트 객실 이용 시 적용되는 특별 우대요금\n비발디 스키시즌/오션시즌은 성수기 요금 적용\n파크 뷰 객실요금 별도적용 (VAT포함) : [주말/연휴/성수기/스키시즌]  22,000원','2018-06-20 12:00:00'),(16,'성수기 요금 안내','WEEKDAY : 비수기 주중\nHOT FRIDAY : 비수기 금요일\nENJOY SATURDAY : 비수기 토요일\nHIGH SEASON : [여름성수기] 성수기 2단계(Gold Season)를 제외한 여름 성수기\n                        [겨울성수기] 비발디파크 성수기 주중\nGOLD SEASON : [여름성수기] 여름 성수기 주말 및 연휴, 8월 첫째주 주중\n                        [겨울성수기] 겨울 성수기 주말 및 연휴\n                        [연휴] 비수기 3일이상 연휴\n회원초청 요금이란? : 기명회원의 초청으로 지인이 리조트 객실 이용 시 적용되는 특별 우대요금\n비발디 스키시즌/오션시즌은 성수기 요금 적용\n파크 뷰 객실요금 별도적용 (VAT포함) : [주말/연휴/성수기/스키시즌]  22,000원','2018-06-20 12:00:00'),(17,'성수기 요금 안내','WEEKDAY : 비수기 주중\nHOT FRIDAY : 비수기 금요일\nENJOY SATURDAY : 비수기 토요일\nHIGH SEASON : [여름성수기] 성수기 2단계(Gold Season)를 제외한 여름 성수기\n                        [겨울성수기] 비발디파크 성수기 주중\nGOLD SEASON : [여름성수기] 여름 성수기 주말 및 연휴, 8월 첫째주 주중\n                        [겨울성수기] 겨울 성수기 주말 및 연휴\n                        [연휴] 비수기 3일이상 연휴\n회원초청 요금이란? : 기명회원의 초청으로 지인이 리조트 객실 이용 시 적용되는 특별 우대요금\n비발디 스키시즌/오션시즌은 성수기 요금 적용\n파크 뷰 객실요금 별도적용 (VAT포함) : [주말/연휴/성수기/스키시즌]  22,000원','2018-06-20 12:00:00'),(18,'성수기 요금 안내','WEEKDAY : 비수기 주중\nHOT FRIDAY : 비수기 금요일\nENJOY SATURDAY : 비수기 토요일\nHIGH SEASON : [여름성수기] 성수기 2단계(Gold Season)를 제외한 여름 성수기\n                        [겨울성수기] 비발디파크 성수기 주중\nGOLD SEASON : [여름성수기] 여름 성수기 주말 및 연휴, 8월 첫째주 주중\n                        [겨울성수기] 겨울 성수기 주말 및 연휴\n                        [연휴] 비수기 3일이상 연휴\n회원초청 요금이란? : 기명회원의 초청으로 지인이 리조트 객실 이용 시 적용되는 특별 우대요금\n비발디 스키시즌/오션시즌은 성수기 요금 적용\n파크 뷰 객실요금 별도적용 (VAT포함) : [주말/연휴/성수기/스키시즌]  22,000원','2018-06-20 12:00:00'),(20,'성수기 요금 안내','WEEKDAY : 비수기 주중\nHOT FRIDAY : 비수기 금요일\nENJOY SATURDAY : 비수기 토요일\nHIGH SEASON : [여름성수기] 성수기 2단계(Gold Season)를 제외한 여름 성수기\n                        [겨울성수기] 비발디파크 성수기 주중\nGOLD SEASON : [여름성수기] 여름 성수기 주말 및 연휴, 8월 첫째주 주중\n                        [겨울성수기] 겨울 성수기 주말 및 연휴\n                        [연휴] 비수기 3일이상 연휴\n회원초청 요금이란? : 기명회원의 초청으로 지인이 리조트 객실 이용 시 적용되는 특별 우대요금\n비발디 스키시즌/오션시즌은 성수기 요금 적용\n파크 뷰 객실요금 별도적용 (VAT포함) : [주말/연휴/성수기/스키시즌]  22,000원','2018-06-20 12:00:00'),(22,'성수기 요금 안내','WEEKDAY : 비수기 주중\nHOT FRIDAY : 비수기 금요일\nENJOY SATURDAY : 비수기 토요일\nHIGH SEASON : [여름성수기] 성수기 2단계(Gold Season)를 제외한 여름 성수기\n                        [겨울성수기] 비발디파크 성수기 주중\nGOLD SEASON : [여름성수기] 여름 성수기 주말 및 연휴, 8월 첫째주 주중\n                        [겨울성수기] 겨울 성수기 주말 및 연휴\n                        [연휴] 비수기 3일이상 연휴\n회원초청 요금이란? : 기명회원의 초청으로 지인이 리조트 객실 이용 시 적용되는 특별 우대요금\n비발디 스키시즌/오션시즌은 성수기 요금 적용\n파크 뷰 객실요금 별도적용 (VAT포함) : [주말/연휴/성수기/스키시즌]  22,000원','2018-06-20 12:00:00'),(25,'성수기 요금 안내','WEEKDAY : 비수기 주중\nHOT FRIDAY : 비수기 금요일\nENJOY SATURDAY : 비수기 토요일\nHIGH SEASON : [여름성수기] 성수기 2단계(Gold Season)를 제외한 여름 성수기\n                        [겨울성수기] 비발디파크 성수기 주중\nGOLD SEASON : [여름성수기] 여름 성수기 주말 및 연휴, 8월 첫째주 주중\n                        [겨울성수기] 겨울 성수기 주말 및 연휴\n                        [연휴] 비수기 3일이상 연휴\n회원초청 요금이란? : 기명회원의 초청으로 지인이 리조트 객실 이용 시 적용되는 특별 우대요금\n비발디 스키시즌/오션시즌은 성수기 요금 적용\n파크 뷰 객실요금 별도적용 (VAT포함) : [주말/연휴/성수기/스키시즌]  22,000원','2018-06-20 12:00:00'),(26,'성수기 요금 안내','WEEKDAY : 비수기 주중\nHOT FRIDAY : 비수기 금요일\nENJOY SATURDAY : 비수기 토요일\nHIGH SEASON : [여름성수기] 성수기 2단계(Gold Season)를 제외한 여름 성수기\n                        [겨울성수기] 비발디파크 성수기 주중\nGOLD SEASON : [여름성수기] 여름 성수기 주말 및 연휴, 8월 첫째주 주중\n                        [겨울성수기] 겨울 성수기 주말 및 연휴\n                        [연휴] 비수기 3일이상 연휴\n회원초청 요금이란? : 기명회원의 초청으로 지인이 리조트 객실 이용 시 적용되는 특별 우대요금\n비발디 스키시즌/오션시즌은 성수기 요금 적용\n파크 뷰 객실요금 별도적용 (VAT포함) : [주말/연휴/성수기/스키시즌]  22,000원','2018-06-20 12:00:00'),(27,'성수기 요금 안내27','WEEKDAY : 비수기 주중\nHOT FRIDAY : 비수기 금요일\nENJOY SATURDAY : 비수기 토요일\nHIGH SEASON : [여름성수기] 성수기 2단계(Gold Season)를 제외한 여름 성수기\n                        [겨울성수기] 비발디파크 성수기 주중\nGOLD SEASON : [여름성수기] 여름 성수기 주말 및 연휴, 8월 첫째주 주중\n                        [겨울성수기] 겨울 성수기 주말 및 연휴\n                        [연휴] 비수기 3일이상 연휴\n회원초청 요금이란? : 기명회원의 초청으로 지인이 리조트 객실 이용 시 적용되는 특별 우대요금\n비발디 스키시즌/오션시즌은 성수기 요금 적용\n파크 뷰 객실요금 별도적용 (VAT포함) : [주말/연휴/성수기/스키시즌]  22,000원','2018-06-20 12:00:00'),(28,'성수기 요금 안내','WEEKDAY : 비수기 주중\nHOT FRIDAY : 비수기 금요일\nENJOY SATURDAY : 비수기 토요일\nHIGH SEASON : [여름성수기] 성수기 2단계(Gold Season)를 제외한 여름 성수기\n                        [겨울성수기] 비발디파크 성수기 주중\nGOLD SEASON : [여름성수기] 여름 성수기 주말 및 연휴, 8월 첫째주 주중\n                        [겨울성수기] 겨울 성수기 주말 및 연휴\n                        [연휴] 비수기 3일이상 연휴\n회원초청 요금이란? : 기명회원의 초청으로 지인이 리조트 객실 이용 시 적용되는 특별 우대요금\n비발디 스키시즌/오션시즌은 성수기 요금 적용\n파크 뷰 객실요금 별도적용 (VAT포함) : [주말/연휴/성수기/스키시즌]  22,000원','2018-06-20 12:00:00'),(29,'성수기 요금 안내','WEEKDAY : 비수기 주중\nHOT FRIDAY : 비수기 금요일\nENJOY SATURDAY : 비수기 토요일\nHIGH SEASON : [여름성수기] 성수기 2단계(Gold Season)를 제외한 여름 성수기\n                        [겨울성수기] 비발디파크 성수기 주중\nGOLD SEASON : [여름성수기] 여름 성수기 주말 및 연휴, 8월 첫째주 주중\n                        [겨울성수기] 겨울 성수기 주말 및 연휴\n                        [연휴] 비수기 3일이상 연휴\n회원초청 요금이란? : 기명회원의 초청으로 지인이 리조트 객실 이용 시 적용되는 특별 우대요금\n비발디 스키시즌/오션시즌은 성수기 요금 적용\n파크 뷰 객실요금 별도적용 (VAT포함) : [주말/연휴/성수기/스키시즌]  22,000원','2018-06-20 12:00:00');

/*Table structure for table `reservation` */

DROP TABLE IF EXISTS `reservation`;

CREATE TABLE `reservation` (
  `book_id` int(11) NOT NULL AUTO_INCREMENT,
  `book_rdate` datetime NOT NULL,
  `book_datefrom` date NOT NULL,
  `book_dateto` date NOT NULL,
  `room_id` varchar(20) NOT NULL,
  `book_person` int(11) NOT NULL,
  `book_name` varchar(20) NOT NULL,
  `book_mobile` varchar(20) NOT NULL,
  `book_account` varchar(20) DEFAULT NULL,
  `book_birth` date NOT NULL,
  `book_fire` tinyint(1) DEFAULT '0',
  `book_camp` tinyint(1) DEFAULT '0',
  `book_comment` text,
  `book_status` tinyint(1) DEFAULT '0',
  `book_totalprice` int(11) NOT NULL,
  PRIMARY KEY (`book_id`)
) ENGINE=InnoDB AUTO_INCREMENT=235 DEFAULT CHARSET=utf8;

/*Data for the table `reservation` */

insert  into `reservation`(`book_id`,`book_rdate`,`book_datefrom`,`book_dateto`,`room_id`,`book_person`,`book_name`,`book_mobile`,`book_account`,`book_birth`,`book_fire`,`book_camp`,`book_comment`,`book_status`,`book_totalprice`) values (7,'2018-07-02 10:28:32','2018-07-15','2018-07-16','r1',1,'김수현','010-1111-1111','111','1987-05-02',1,1,'sdfsdfsdfsdfsdf',0,360000),(8,'2018-07-02 10:28:32','2018-07-15','2018-07-16','r2',1,'송은희','010-2222-2222','111','1987-05-02',1,1,'sdfsdfsdfsdfsdf',0,360000),(18,'2018-07-02 11:19:45','2018-07-19','2018-07-21','r1',1,'이영자','010-3333-3333','111','1987-05-02',1,1,'23444444434343',1,760000),(19,'2018-07-02 11:19:45','2018-07-19','2018-07-21','r7',1,'유재석','010-1111-3333','111','1987-05-02',1,1,'23444444434343',0,760000),(20,'2018-07-02 11:19:45','2018-07-19','2018-07-21','r8',1,'강호동','010-4444-3333','111','1987-05-02',1,1,'23444444434343',0,760000),(67,'2018-07-04 14:42:50','2018-08-30','2018-08-31','r7',1,'박명수','010-5555-3333','wwww','1987-05-02',1,1,'',0,360000),(76,'2018-07-05 10:38:28','2018-08-13','2018-08-15','r1',1,'김종민','010-1234-4321','sls','2001-07-12',1,0,'ghfghfghfh',1,300000),(77,'2018-07-05 10:38:28','2018-08-13','2018-08-15','r5',1,'이수근','010-6666-4321','sls','2001-07-12',1,0,'ghfghfghfh',0,400000),(78,'2018-07-05 10:38:28','2018-08-13','2018-08-15','r6',1,'박수홍','010-7777-4321','sls','2001-07-12',1,0,'ghfghfghfh',1,400000),(79,'2018-07-05 10:38:28','2018-08-13','2018-08-15','r8',1,'이상민','010-8888-4321','sls','2001-07-12',1,0,'ghfghfghfh',1,600000),(80,'2018-07-05 10:38:28','2018-08-13','2018-08-15','r9',1,'김종국','010-9999-4321','sls','2001-07-12',1,0,'ghfghfghfh',0,600000),(81,'2018-07-05 10:45:17','2018-08-13','2018-08-15','r2',3,'이광수','017-1234-4444','wwww','2002-08-08',1,0,'11111111111111111111111111111111111111111111111',0,300000),(82,'2018-07-05 10:45:17','2018-08-13','2018-08-15','r3',8,'하하','017-3636-4444','wwww','2002-08-08',1,0,'11111111111111111111111111111111111111111111111',0,300000),(83,'2018-07-05 10:45:17','2018-08-13','2018-08-15','r4',10,'신봉선','017-9999-4444','wwww','2002-08-08',1,0,'11111111111111111111111111111111111111111111111',0,400000),(85,'2018-07-05 10:46:07','2018-08-13','2018-08-15','r3',8,'홍진경','017-1234-4444','wwww','2002-08-08',1,0,'11111111111111111111111111111111111111111111111',0,300000),(86,'2018-07-05 10:46:07','2018-08-13','2018-08-15','r4',10,'전현무','017-1234-4444','wwww','2002-08-08',1,0,'11111111111111111111111111111111111111111111111',0,400000),(87,'2018-07-05 13:46:41','2018-07-18','2018-07-19','r1',2,'박나래','010-8989-6565','','0000-00-00',1,0,'',0,150000),(92,'2018-07-05 14:22:03','2018-07-27','2018-07-28','r7',8,'dfs','019-4545-1234','dfs','2001-07-25',1,1,'dfsdfsdfsdf\r\n',0,300000),(93,'2018-07-05 14:23:46','2018-07-27','2018-07-28','r6',2,'','선택--','','0000-00-00',0,0,'',0,200000),(95,'2018-07-05 14:25:46','2018-07-27','2018-07-28','r8',2,'','선택--','','0000-00-00',0,0,'',0,300000),(109,'2018-07-05 14:59:58','2018-07-27','2018-07-28','r9',2,'','선택--','','0000-00-00',0,0,'',0,300000),(115,'2018-07-05 15:09:13','2018-08-02','2018-08-06','r4',2,'','선택--','','0000-00-00',0,0,'',0,800000),(117,'2018-07-05 15:09:13','2018-08-02','2018-08-06','r6',2,'','선택--','','0000-00-00',0,0,'',0,800000),(120,'2018-07-10 14:01:28','2018-07-30','2018-07-31','r3',4,'front','010-4545-7777','front','1971-05-13',1,0,'sdfasfasdfasdfsadfsadf',0,150000),(121,'2018-07-10 14:01:28','2018-07-30','2018-07-31','r5',4,'front','010-4545-7777','front','1971-05-13',1,0,'sdfasfasdfasdfsadfsadf',0,200000),(122,'2018-07-10 14:01:28','2018-07-30','2018-07-31','r6',4,'front','010-4545-7777','front','1971-05-13',1,0,'sdfasfasdfasdfsadfsadf',0,200000),(124,'2018-07-10 14:02:29','2018-07-30','2018-07-31','r5',4,'','선택--','','0000-00-00',1,0,'',0,200000),(125,'2018-07-10 14:02:29','2018-07-30','2018-07-31','r6',4,'','선택--','','0000-00-00',1,0,'',0,200000),(126,'2018-07-10 14:02:42','2018-07-30','2018-07-31','r7',2,'','선택--','','0000-00-00',0,0,'',0,300000),(128,'2018-07-10 14:03:06','2018-07-30','2018-07-31','r9',2,'','선택--','','0000-00-00',0,1,'',0,300000),(129,'2018-07-10 14:13:49','2018-07-30','2018-07-31','r9',2,'','선택--','','0000-00-00',0,1,'',0,300000),(130,'2018-07-10 14:14:05','2018-07-30','2018-07-31','r1',2,'','선택--','','0000-00-00',0,0,'',0,150000),(132,'2018-07-10 14:29:37','2018-08-20','2018-08-21','r5',2,'토니안','선택--','','0000-00-00',0,0,'',0,200000),(133,'2018-07-10 14:29:37','2018-08-20','2018-08-21','r6',2,'신봉선','선택--','','0000-00-00',0,0,'',0,200000),(134,'2018-07-10 14:29:37','2018-08-20','2018-08-21','r7',2,'안영미','선택--','green','0000-00-00',0,0,'',1,300000),(135,'2018-07-10 14:30:08','2018-08-20','2018-08-21','r5',2,'','선택--','5555555','0000-00-00',0,0,'',1,200000),(136,'2018-07-10 14:30:08','2018-08-20','2018-08-21','r6',2,'','선택--','','0000-00-00',0,0,'',0,200000),(137,'2018-07-10 14:30:08','2018-08-20','2018-08-21','r7',2,'','선택--','','0000-00-00',0,0,'',0,300000),(138,'2018-07-10 14:34:46','2018-08-20','2018-08-21','r9',2,'','선택--','','0000-00-00',0,0,'',0,300000),(139,'2018-07-10 14:35:06','2018-08-20','2018-08-21','r9',2,'','선택--','','0000-00-00',0,0,'',0,300000),(140,'2018-07-10 14:35:42','2018-08-20','2018-08-21','r2',2,'','선택--','','0000-00-00',0,0,'',0,150000),(141,'2018-07-10 14:36:22','2018-08-20','2018-08-21','r1',2,'','선택--','','0000-00-00',0,0,'',0,150000),(142,'2018-07-10 14:38:58','2018-08-20','2018-08-21','r1',2,'','선택--','','0000-00-00',0,0,'',0,150000),(143,'2018-07-10 14:53:21','2018-08-08','2018-08-09','r1',1,'한혜진','010-2772-8888','','0000-00-00',0,0,'',0,150000),(144,'2018-07-10 14:53:21','2018-08-08','2018-08-09','r7',1,'김재동','010-8772-9999','','0000-00-00',0,0,'',0,300000),(145,'2018-07-10 15:37:27','2018-07-25','2018-07-27','r8',2,'dfd','017-1234-4444','dfd','2001-07-20',0,0,'sdfsafdsafsdafdsf',0,600000),(146,'2018-07-10 15:37:27','2018-07-25','2018-07-27','r9',2,'dfd','017-1234-4444','dfd','2001-07-20',0,0,'sdfsafdsafsdafdsf',0,600000),(147,'2018-07-10 15:37:46','2018-07-25','2018-07-27','r2',2,'','선택--','','0000-00-00',1,0,'',0,300000),(148,'2018-07-10 15:39:11','2018-08-23','2018-08-24','r2',2,'유재석','011-3333-1111','sls','1987-05-02',0,1,'dsfd',0,150000),(149,'2018-07-10 15:39:11','2018-08-23','2018-08-24','r4',2,'홍진경','011-3333-1111','sls','1987-05-02',0,1,'dsfd',0,200000),(150,'2018-07-10 15:39:11','2018-08-23','2018-08-24','r5',2,'송혜교','011-3333-1111','sls','1987-05-02',0,1,'dsfd',0,200000),(151,'2018-07-10 15:39:11','2018-08-23','2018-08-24','r6',2,'이영자','011-3333-1111','sls','1987-05-02',0,1,'dsfd',0,200000),(152,'2018-07-11 10:44:10','2018-07-24','2018-07-25','r8',2,'웹개발','010-1111-1234','웹개발','1971-05-02',0,1,'sdfsdfsdfsdfsdfs',0,300000),(153,'2018-07-11 10:44:10','2018-07-16','2018-07-17','r9',2,'신봉선','010-1111-1234','웹개발','1971-05-02',0,1,'sdfsdfsdfsdfsdfs',0,300000),(154,'2018-07-11 10:45:35','2018-07-27','2018-07-28','r5',2,'','선택--','','0000-00-00',0,0,'',0,200000),(155,'2018-07-11 10:46:48','2018-07-18','2018-07-20','r3',2,'웹개발','010-1111-7777','웹개발','1971-05-03',0,1,'dsfsfsadfsadfsafdsf',0,300000),(156,'2018-07-11 10:46:48','2018-07-16','2018-07-17','r4',2,'박나래','010-1111-7777','웹개발','1971-05-03',0,1,'dsfsfsadfsadfsafdsf',0,400000),(157,'2018-07-11 10:46:48','2018-07-18','2018-07-20','r5',2,'웹개발','010-1111-7777','웹개발','1971-05-03',0,1,'dsfsfsadfsadfsafdsf',0,400000),(160,'2018-07-12 11:55:41','2018-07-13','2018-07-14','r8',4,'김재연','010-1111-1111','김재연','2018-07-01',1,1,'잘봐주세요잘봐주세요잘봐주세요잘봐주세요잘봐주세요잘봐주세요잘봐주세요잘봐주세요잘봐주세요잘봐주세요잘봐주세요잘봐주세요잘봐주세요잘봐주세요잘봐주세요잘봐주세요잘봐주세요잘봐주세요잘봐주세요잘봐주세요잘봐주세요잘봐주세요잘봐주세요잘봐주세요잘봐주세요잘봐주세요잘봐주세요잘봐주세요잘봐주세요잘봐주세요잘봐주세요잘봐주세요잘봐주세요잘봐주세요잘봐주세요잘봐주세요잘봐주세요잘봐주세요잘봐주세요잘봐주세요잘봐주세요잘봐주세요잘봐주세요잘봐주세요잘봐주세요잘봐주세요잘봐주세요잘봐주세요잘봐주세요잘봐주세요잘봐주세요잘봐주세요잘봐주세요잘봐주세요잘봐주세요잘봐주세요잘봐주세요잘봐주세요잘봐주세요잘봐주세요잘봐주세요잘봐주세요잘봐주세요잘봐주세요잘봐주세요잘봐주세요',0,300000),(161,'2018-07-12 12:12:24','2018-07-14','2018-07-15','r1',2,'웹개발','010-3333-3333','웹개발','1981-07-01',0,0,'ㄹㄹㄹㄹㄹㄹㄹㄹㄹ',0,150000),(164,'2018-07-12 15:17:20','2018-08-21','2018-08-23','r3',3,'박나래','010-1111-1111','초록','1987-05-02',1,1,'ㅇㅇㄹㄴㄹㅇㄴ',0,300000),(165,'2018-07-12 15:17:20','2018-08-21','2018-08-23','r4',4,'박수홍','010-1111-1111','초록','1987-05-02',1,1,'ㅇㅇㄹㄴㄹㅇㄴ',0,400000),(166,'2018-07-12 15:17:20','2018-08-21','2018-08-23','r5',5,'이상민','010-1111-1111','초록','1987-05-02',1,1,'ㅇㅇㄹㄴㄹㅇㄴ',0,400000),(167,'2018-07-12 15:17:20','2018-08-21','2018-08-23','r6',6,'박명수','010-1111-1111','초록','1987-05-02',1,1,'ㅇㅇㄹㄴㄹㅇㄴ',0,400000),(170,'2018-07-12 15:46:56','2018-07-12','2018-07-13','r7',2,'김주연','010--','김주연','1970-07-08',0,0,'',0,300000),(172,'2018-07-12 15:50:06','2018-07-12','2018-07-13','r8',2,'김주연','010--0000','김주연','1980-07-03',0,0,'',0,300000),(173,'2018-07-12 16:25:31','2018-07-12','2018-07-13','r1',2,'sls sss','010-1111-1111','sls sss','1987-05-02',0,0,'sdf',0,150000),(175,'2018-07-13 11:15:22','2018-07-13','2018-07-14','r9',2,'김주연','010--','김주연','1990-07-03',1,0,'',0,300000),(176,'2018-07-13 11:15:47','2018-07-13','2018-07-14','r6',2,'김주연','010--','김주연','1989-07-12',1,0,'',0,200000),(177,'2018-07-13 12:14:00','2018-07-13','2018-07-14','r3',5,'웹개발','010-1234-7777','웹개발','1982-01-05',0,0,'erwerwewerrrw',0,150000),(178,'2018-07-13 12:14:00','2018-07-13','2018-07-14','r4',6,'웹개발','010-1234-7777','웹개발','1982-01-05',0,0,'erwerwewerrrw',0,200000),(182,'2018-07-13 12:18:00','2018-07-13','2018-07-14','r5',8,'웹개발','010-1234-7777','green','1982-01-05',0,0,'erwerwewerrrw',1,200000),(183,'2018-07-13 12:18:56','2018-07-27','2018-07-28','r3',2,'sls','010-7777-4444','sls','1980-07-23',0,0,'ewrewrewrwerewrwer',0,150000),(185,'2018-07-13 12:21:58','2018-07-27','2018-07-28','r4',2,'dfd','010-3333-4444','dfd','1941-07-10',0,1,'dsfsdfdsfds',0,200000),(186,'2018-07-13 12:23:43','2018-07-26','2018-07-27','r3',5,'wwww','010-4444-4444','wwww','1989-07-07',1,1,'dfsfssddddddddddddddddddddddddddddddd',0,150000),(187,'2018-07-13 12:23:43','2018-07-26','2018-07-27','r5',5,'wwww','010-4444-4444','웹개발','1989-07-07',1,1,'dfsfssddddddddddddddddddddddddddddddd',1,200000),(188,'2018-07-13 12:23:43','2018-07-26','2018-07-27','r6',5,'wwww','010-4444-4444','웹개발','1989-07-07',1,1,'dfsfssddddddddddddddddddddddddddddddd',1,200000),(189,'2018-07-13 12:24:54','2018-07-24','2018-07-25','r3',5,'dfd','010-3333-3333','dfd','1994-07-11',1,0,'uuuuuuuuuuuuuuuuuuuuuuuu',0,150000),(190,'2018-07-13 12:24:54','2018-07-24','2018-07-25','r4',5,'dfd','010-3333-3333','dfd','1994-07-11',1,0,'uuuuuuuuuuuuuuuuuuuuuuuu',0,200000),(191,'2018-07-13 12:32:26','2018-07-24','2018-07-25','r3',5,'sls','010--','sls','1937-07-23',1,0,'',0,150000),(192,'2018-07-13 12:32:26','2018-07-24','2018-07-25','r4',5,'sls','010--','sls','1937-07-23',1,0,'',0,200000),(193,'2018-07-13 12:35:47','2018-07-24','2018-07-25','r6',2,'dfd','010-1234-1234','dfd','1980-07-02',0,0,'',0,200000),(194,'2018-07-13 13:24:59','2018-07-29','2018-07-30','r6',2,'dfs','010-1111-3333','dfs','1973-07-24',1,1,'11111111111111111111111111111111111111111111',0,200000),(196,'2018-07-13 13:24:59','2018-07-29','2018-07-30','r8',2,'dfs','010-1111-3333','dfs','1973-07-24',1,1,'11111111111111111111111111111111111111111111',0,300000),(197,'2018-07-13 13:25:45','2018-07-29','2018-07-30','r9',2,'dfd','010-1234-4444','dfd','1949-07-19',1,1,'',0,300000),(214,'2018-07-13 14:06:48','2018-07-29','2018-07-31','r2',2,'eeeeeeeeeee','010-4444-4321','eeeeeeeeeee','1920-07-13',0,0,'',0,300000),(215,'2018-07-13 16:24:15','2018-07-13','2018-07-14','r1',2,'신재순','010-1234-5678','신재순','1988-07-07',0,0,'체크 인 조금 일찍하고 싶습니다. 가능한지 답변 부탁드려요. 침구 추가도 가능한지 알려주세요.',0,150000),(216,'2018-07-13 16:24:15','2018-07-13','2018-07-14','r7',2,'신재순','010-1234-5678','신재순','1988-07-07',0,0,'체크 인 조금 일찍하고 싶습니다. 가능한지 답변 부탁드려요. 침구 추가도 가능한지 알려주세요.',0,300000),(217,'2018-07-13 16:46:42','2018-08-05','2018-08-07','r7',2,'웹개발','010-1111-1111','웹개발','1991-07-13',0,0,'sdfsfsfsfsdfds',0,600000),(218,'2018-07-13 16:46:42','2018-08-05','2018-08-07','r8',2,'웹개발','010-1111-1111','웹개발','1991-07-13',0,0,'sdfsfsfsfsdfds',0,600000),(219,'2018-07-17 10:24:08','2018-07-17','2018-07-18','r5',4,'홍길동','010-1234-1234','홍길동','1965-07-10',0,0,'신나고 즐거운 여행이 되길바랍니다.',0,200000),(220,'2018-07-17 10:24:08','2018-07-17','2018-07-18','r6',9,'홍길동','010-1234-1234','홍길동','1965-07-10',0,0,'신나고 즐거운 여행이 되길바랍니다.',0,200000),(221,'2018-07-18 11:12:34','2018-08-15','2018-08-19','r4',2,'아이유','010-1111-1111','아이유','1982-02-13',0,0,'',0,800000),(222,'2018-07-18 11:12:34','2018-08-15','2018-08-19','r5',2,'아이유','010-1111-1111','아이유','1982-02-13',0,0,'',0,800000),(223,'2018-07-18 11:27:45','2018-07-18','2018-07-19','r7',2,'이이영','010-1111-1111','이이영','1993-02-21',1,0,'ㅇㄹㄴ',0,300000),(224,'2018-07-18 11:40:34','2018-07-18','2018-07-19','r8',2,'나나미','010-5656-5656','나나미','1983-02-19',0,1,'',0,350000),(225,'2018-07-18 11:42:55','2018-07-19','2018-07-21','r6',4,'가길영','010-4444-7777','가길영','1979-07-09',1,0,'',0,500000),(226,'2018-07-18 12:15:30','2018-07-18','2018-07-19','r6',7,'이영애','010-4545-4321','이영애','1996-07-15',0,1,'',0,250000),(227,'2018-07-18 12:19:03','2018-07-18','2018-07-19','r2',2,'이영애','010-1111-1111','이영애','1991-07-08',0,0,'',0,200000),(228,'2018-07-18 12:27:26','2018-07-18','2018-07-19','r4',5,'edition','010-1111-3333','edition','1995-01-15',1,1,'',0,250000),(229,'2018-07-18 13:02:45','2018-07-19','2018-07-20','r4',6,'가가 영','010-1111-1111','가가 영','1980-02-17',0,0,'',0,250000),(231,'2018-07-18 14:29:23','2018-07-21','2018-07-22','r4',2,'김무성','010-7777-7777','김무성','1969-03-25',0,0,'',0,250000),(232,'2018-07-18 14:29:23','2018-07-21','2018-07-22','r5',2,'김무성','010-7777-7777','김무성','1969-03-25',0,0,'',0,250000),(233,'2018-07-18 14:29:23','2018-07-21','2018-07-22','r6',2,'김무성','010-7777-7777','김무성','1969-03-25',0,0,'',0,250000),(234,'2018-07-18 14:30:05','2018-07-21','2018-07-22','r8',2,'박나래','010-4444-7777','박나래','1986-03-11',1,1,'',0,350000);

/*Table structure for table `room` */

DROP TABLE IF EXISTS `room`;

CREATE TABLE `room` (
  `room_id` varchar(20) NOT NULL,
  `room_name` varchar(20) NOT NULL,
  `room_maxperson` int(11) NOT NULL DEFAULT '2',
  `room_price` int(11) NOT NULL,
  `room_price1` int(11) DEFAULT NULL,
  `room_price2` int(11) DEFAULT NULL,
  `room_desc1` varchar(100) DEFAULT NULL,
  `room_desc2` varchar(100) DEFAULT NULL,
  `room_desc3` varchar(100) DEFAULT NULL,
  `room_img_main` varchar(50) NOT NULL,
  `room_img_sub1` varchar(50) DEFAULT NULL,
  `room_img_sub2` varchar(50) DEFAULT NULL,
  `room_img_thumb` varchar(50) NOT NULL,
  `room_img_sub3` varchar(20) DEFAULT NULL,
  `room_img_sub4` varchar(20) DEFAULT NULL,
  `room_img_sub5` varchar(20) DEFAULT NULL,
  `room_img_sub6` varchar(20) DEFAULT NULL,
  `room_img_sub7` varchar(20) DEFAULT NULL,
  `room_img_sub8` varchar(20) DEFAULT NULL,
  PRIMARY KEY (`room_id`)
) ENGINE=InnoDB DEFAULT CHARSET=utf8;

/*Data for the table `room` */

insert  into `room`(`room_id`,`room_name`,`room_maxperson`,`room_price`,`room_price1`,`room_price2`,`room_desc1`,`room_desc2`,`room_desc3`,`room_img_main`,`room_img_sub1`,`room_img_sub2`,`room_img_thumb`,`room_img_sub3`,`room_img_sub4`,`room_img_sub5`,`room_img_sub6`,`room_img_sub7`,`room_img_sub8`) values ('r1','1학년',10,150000,200000,200000,'따뜻한 조명과 부드러운 원목의 인테리어','아침 식사 포함','	미니바, 네스프레소 커피캡슐, wifi 제공','images/g1.jpg','images/otherimg1.jpg','images/otherimg2.jpg','images/g1_thumb.jpg','images/otherimg3.jpg','images/otherimg4.jpg','images/otherimg5.jpg','images/otherimg6.jpg','images/otherimg7.jpg','images/otherimg8.jpg'),('r2','2학년',10,150000,200000,200000,'전통적인 문양과 따뜻한 온기가 가득한 인테리어','아침 식사 포함','	미니바, 네스프레소 커피캡슐, wifi 제공','images/g2.jpg','images/otherimg1.jpg','images/otherimg2.jpg','images/g2_thumb.jpg','images/otherimg3.jpg','images/otherimg4.jpg','images/otherimg5.jpg','images/otherimg6.jpg','images/otherimg7.jpg','images/otherimg8.jpg'),('r3','3학년',10,150000,200000,200000,'실크와 자수를 소재로한 최고급 침구를 제공하는 객실','아침 식사 포함','	미니바, 네스프레소 커피캡슐, wifi 제공','images/g3.jpg','images/otherimg1.jpg','images/otherimg2.jpg','images/g3_thumb.jpg','images/otherimg3.jpg','images/otherimg4.jpg','images/otherimg5.jpg','images/otherimg6.jpg','images/otherimg7.jpg','images/otherimg8.jpg'),('r4','4학년',10,200000,250000,250000,'그윽한 수묵화 벽지와 따스한 전통 문살의 객실','아침 식사 포함','	미니바, 네스프레소 커피캡슐, wifi 제공','images/g4.jpg','images/otherimg1.jpg','images/otherimg2.jpg','images/g4_thumb.jpg','images/otherimg3.jpg','images/otherimg4.jpg','images/otherimg5.jpg','images/otherimg6.jpg','images/otherimg7.jpg','images/otherimg8.jpg'),('r5','5학년',10,200000,250000,250000,'따뜻한 조명과 부드러운 원목의 인테리어','아침 식사 포함','	미니바, 네스프레소 커피캡슐, wifi 제공','images/g5.jpg','images/otherimg1.jpg','images/otherimg2.jpg','images/g5_thumb.jpg','images/otherimg3.jpg','images/otherimg4.jpg','images/otherimg5.jpg','images/otherimg6.jpg','images/otherimg7.jpg','images/otherimg8.jpg'),('r6','6학년',10,200000,250000,250000,'그윽한 수묵화 벽지와 따스한 전통 문살의 객실','아침 식사 포함','	미니바, 네스프레소 커피캡슐, wifi 제공','images/g6.jpg','images/otherimg1.jpg','images/otherimg2.jpg','images/g6_thumb.jpg','images/otherimg3.jpg','images/otherimg4.jpg','images/otherimg5.jpg','images/otherimg6.jpg','images/otherimg7.jpg','images/otherimg8.jpg'),('r7','숙직실',10,300000,350000,350000,'실크와 자수를 소재로한 최고급 침구를 제공하는 객실','아침 식사 포함','	미니바, 네스프레소 커피캡슐, wifi 제공','images/g7.jpg','images/otherimg1.jpg','images/otherimg2.jpg','images/g7_thumb.jpg','images/otherimg3.jpg','images/otherimg4.jpg','images/otherimg5.jpg','images/otherimg6.jpg','images/otherimg7.jpg','images/otherimg8.jpg'),('r8','교장실',10,300000,350000,350000,'한옥의 건축 요소와 현대적인 호텔 시설을 적절히 접목시켜 공간이 여유로운 객실','아침 식사 포함','	미니바, 네스프레소 커피캡슐, wifi 제공','images/g8.jpg','images/otherimg1.jpg','images/otherimg2.jpg','images/g8_thumb.jpg','images/otherimg3.jpg','images/otherimg4.jpg','images/otherimg5.jpg','images/otherimg6.jpg','images/otherimg7.jpg','images/otherimg8.jpg'),('r9','교무실',10,300000,350000,350000,'침실, 대청, 대청마루, 욕실로 구성되어 있으며 안마당과 후정이 있는 독채 형태의 스위트','아침 식사 포함','	미니바, 네스프레소 커피캡슐, wifi 제공','images/g9.jpg','images/otherimg1.jpg','images/otherimg2.jpg','images/g9_thumb.jpg','images/otherimg3.jpg','images/otherimg4.jpg','images/otherimg5.jpg','images/otherimg6.jpg','images/otherimg7.jpg','images/otherimg8.jpg');

/*Table structure for table `roomoption` */

DROP TABLE IF EXISTS `roomoption`;

CREATE TABLE `roomoption` (
  `option_id` int(11) NOT NULL AUTO_INCREMENT,
  `option_name` varchar(20) NOT NULL,
  `option_desc` varchar(200) DEFAULT NULL,
  `option_price` int(11) NOT NULL,
  `option_num` int(11) DEFAULT NULL,
  PRIMARY KEY (`option_id`)
) ENGINE=InnoDB AUTO_INCREMENT=3 DEFAULT CHARSET=utf8;

/*Data for the table `roomoption` */

insert  into `roomoption`(`option_id`,`option_name`,`option_desc`,`option_price`,`option_num`) values (1,'캠프파이어','캠프파이어 설명',50000,1),(2,'숯불바베큐','숯불바베큐 그릴 1세트',10000,1);

/*Table structure for table `tour` */

DROP TABLE IF EXISTS `tour`;

CREATE TABLE `tour` (
  `location` varchar(30) NOT NULL,
  `no` int(5) NOT NULL,
  `name` varchar(50) NOT NULL,
  `link` varchar(100) NOT NULL,
  `text` text NOT NULL
) ENGINE=InnoDB DEFAULT CHARSET=utf8;

/*Data for the table `tour` */

insert  into `tour`(`location`,`no`,`name`,`link`,`text`) values ('images/tourimags-1.jpg',1,'철로자전거','https://www.gbmg.go.kr/tour/leports/view.do?CATEGORY=&mId=0405000000&idx=3','20여 년 전 석탄을 실어 나르던 철로가 이젠 관광 자원으로 변모하여 전국 최초로 철로 위를 달리는 \'문경 철로 자전거\'로 태어났습니다. 철로 자전거는 경북 팔경 중 제1경으로 꼽히는 진남교반과 시원함을 느낄 수 있는 강과 터널이 달리는 내내 눈을 즐겁게 해줍니다.'),('images/tourimags-2.jpg',2,'문경새재 촬영장','https://www.gbmg.go.kr/tour/contents.do?mId=0101040100','문경새재 촬영장은 한국방송공사가 2000년 특별기획 대하드라마 제작을 위해 설치한 것으로 문경새재 제1관문 뒤 용사골에 위치해 있습니다. 총 19,891평의 부지에 궁 2동, 기와 41동, 초가40동이 들어서 국내 최초의 고려촌 이며, 세계에서 5번째 안에 드는 야외 촬영장입니다.'),('images/tourimags-3.jpg',3,'가은촬영장','https://www.gbmg.go.kr/tour/contents.do?mId=0105040100','드라마 <연개소문>과 <대왕세종>, <천추태후> 등 사극 촬영지로 알려진 곳입니다. 고구려궁과 신라궁, 안시성과 성내마을, 요동성과 성내마을로 구성되어 있습니다. 고구려 및 신라 시대의 성내 모습이 사실적으로 꾸며져 있으며, 모노레일은 전망용으로도 인기입니다.'),('images/tourimags-4.jpg',4,'쌍용계곡','https://www.gbmg.go.kr/tour/contents.do?mId=0201040000','골이 깊고 물이 맑아 청룡, 황룡이 놀다간 곳이라고 하는 쌍룡계곡은 속리산에서 발원한 계곡이 도장산(해발 827m), 청화산(970m)을 좌우에 두고 흐르면서 쌍룡폭포, 심원폭포를 만들고 있으며, 그 어느 곳보다 문명에 오염이 되지 않아 맑고 깨끗함을 간직하고 있습니다.'),('images/tourimags-5.jpg',5,'석탄박물관','https://www.gbmg.go.kr/tour/contents.do?mId=0105010100','옛 대한석탄공사 은성광업소에 개관한 전문박물관입니다. 각종 기관차들과 지구의 형성, 석탄의 기원과 변천, 석탄이 형성되는 과정을 일목요연하게 전시되어있고 탄운반용 증기기관차와 연탄제조기·채탄도구·측량장비·통신장비·화약류·광산보안장비 등이 전시되어 있습니다.'),('images/tourimags-6.jpg',6,'오미자 체험관','http://www.mgomj.co.kr/','문경시농업기술센터가 종전 문경특산물 판매장 시설을 리모델링해 체험관,판매장,종합관광안내소 시설을 갖추고 있으며 농산물 구입 및 전시, 관람이 가능합니다. 계절별, 놀이, 공예, 생태, 먹거리등 다양한 체험프로그램 운영하고 있습니다.  내용을 확인해보세요.'),('images/tourimags-7.jpg',7,'속리산 문장대','https://store.naver.com/attractions/detail?entry=plt&id=13491393&query=%EB%AC%B8%EC%9E%A5%EB%8C%80','높이 1,054m이며 큰 암석이 하늘 높이 치솟아 절경을 이루고 있어 운장대 라고도 합니다. 비로봉·관음봉·천황봉 과 함께 속리산에 딸린 고봉입니다. 산마루에는 약 50여 명이 앉을 수 있는 빈터가 있으며 속리산의 절경을 한눈에 바라볼 수 있습니다.'),('images/tourimags-8.jpg',8,'문경종합온천','https://www.gbmg.go.kr/tour/contents.do?mId=0402050000','문경종합온천은 지하 900m 화강암층과 석회암층 사이에서 분출한 칼슘 중탄산천과 지하 750m 화강암층에서 분출한 알카리성 온천수를 공급하여 한번의 입장으로 2가지 온천을 즐길수 있는 전국 유일의 복합보양온천으로 사랑받고있습니다.'),('images/tourimags-9.jpg',9,'잉카마야박물관','http://xn--hz2b27s7rbowm.kr/','전 주볼리비이대사로 30년간 생활하던 중 수집한 다양한 잉카유물들을 전시해 놓은 잉카 마야 박물관이 있는데 박물관 건물은 폐교된 학교를 리모델링하여 사용하고 있습니다. 잉카관과 마야관, 천사관과 유추관, 갤러리 카페로 구성되어 있습니다.');

/*!40101 SET SQL_MODE=@OLD_SQL_MODE */;
/*!40014 SET FOREIGN_KEY_CHECKS=@OLD_FOREIGN_KEY_CHECKS */;
/*!40014 SET UNIQUE_CHECKS=@OLD_UNIQUE_CHECKS */;
/*!40111 SET SQL_NOTES=@OLD_SQL_NOTES */;
